devices,run,registration_latency_ms,registration_throughput_per_s,batch_processing_ms,proof_generation_ms,finalize_epoch_ms,verification_latency_ms,verification_throughput_per_s,token_validation_ms,resource_access_latency_ms,access_throughput_per_s,proof_length
5,0,2.9372038000474276,340.28628966317524,0.03602300012062187,0.003168400007780292,0.8779849999882572,0.01618100000086997,58840.83542667181,0.20748885002603856,0.3029623999736941,3288.210319213097,3
5,1,0.3380799999831652,2952.4008038708134,0.017430000070817186,0.0016894000054890057,0.6907060001140053,0.008324999998876592,116065.83232693867,0.16267999997126026,0.24071820002973254,4143.487308516428,1
5,2,0.2877979999539093,3468.7245918790113,0.03211600005670334,0.0014386000202648574,0.5265669999516831,0.0076351998814061526,126942.21588819912,0.1793558499912251,0.207395799952792,4810.032573554835,3
5,3,0.26824080000551476,3721.7611375860483,0.015056999927764991,0.0014333999843074707,0.5449540001336572,0.008310000066558132,116648.00277083552,0.16628275001266957,0.21338960000321094,4675.08181355975,3
5,4,0.29034899998805486,3438.5530567641567,0.014620000001741573,0.0015527999948972138,0.5777439998837508,0.017312600039076642,56332.315636437896,0.198701700003312,0.3678580000268994,2711.3761753428485,3
10,0,0.40565050001077907,2461.621474987162,0.037610999925163924,0.0020781000102942926,1.2730700000247452,0.013447499986796174,72829.49877581581,0.18306335001625484,0.3186852999988332,3131.0889896404988,4
10,1,0.3014655000242783,3312.413235365517,0.02615600010358321,0.0015210000128718093,0.8539490002021921,0.009128899978350091,107158.16556087983,0.17962895000209755,0.23636070002339693,4221.4612333701025,4
10,2,0.2925178000168671,3413.646187314693,0.02432599990243034,0.0013674999991053483,0.8458829997834982,0.009098000009544194,107484.11928799645,0.1675191500339679,0.23703079998540488,4209.622355017353,4
10,3,0.26478019999558455,3770.9950147691025,0.024619999976494,0.0013981999927636934,0.9228250000887783,0.009040800023285556,108184.12945578455,0.1680151500181637,0.2132006000238107,4679.663026753662,4
10,4,0.2922279999438615,3417.1223114266336,0.02459799998177914,0.0013999999964653398,0.8497559999796067,0.009126899976763525,107099.63473503072,0.1707011499888722,0.22002519997386116,4533.989734219937,4
25,0,0.42700427999079693,2338.2783555954156,0.15268899983311712,0.005016760005673859,2.753017000031832,0.01575288002641173,62307.004057371065,0.2989945999797783,0.31873300002189353,3130.252171819505,5
25,1,0.38304888004859095,2606.5013859593846,0.056620999885126366,0.0015526799961662618,1.9802950000666897,0.013666479990206426,72112.61107562804,0.16034343997489486,0.3074772399941139,3245.5452295098485,5
25,2,0.28542995999487175,3499.0036936624674,0.05508300000656163,0.0015388399970106548,1.7796170000110578,0.011112839993074886,88596.2456781061,0.16582903998823895,0.2248882800085994,4436.693442411779,5
25,3,0.27485448000334145,3633.252515222468,0.05418799992185086,0.001529200008008047,1.7741229999046482,0.018233239998153294,54083.756283518516,0.17385123999702046,0.24268544001643022,4111.412029940173,5
25,4,0.2669290400172031,3741.1450836938616,0.05363900004340394,0.001515359999757493,1.9230460000017047,0.010862000026463647,90667.42099316035,0.1656782000191015,0.23035916000480938,4331.950805661589,5
50,0,0.3385149999849091,2949.5345840968334,0.10619800013955683,0.0018708000015976722,4.286100999934206,0.013946359995316016,70953.28579547661,0.17542468000556255,0.22931905999485025,4351.376431768574,6
50,1,0.26203887998690334,3810.688646288364,0.10450600007061439,0.0018585800034998101,3.4214659999634023,0.012251159996594652,80515.68687882157,0.16223171999172337,0.2192473000013706,4551.148445906616,6
50,2,0.26524402001086855,3764.8206872870774,0.1004650000595575,0.0018444999977873522,3.538625999908618,0.012420180005392467,79445.91243358063,0.16400413997416763,0.22318464001273242,4471.116542380526,6
50,3,0.2795892400172306,3571.8569391497385,0.1061229997958435,0.0018542799989518244,4.121596999993926,0.012412279984346242,79561.33063920411,0.19912373998067778,0.23801966000974062,4192.54550317365,6
50,4,0.26547079997271794,3761.6444525479114,0.10516999986975861,0.0018637999983184272,3.4160269999574666,0.012288440025258751,80303.22496794917,0.1773475999971197,0.239967820016318,4158.211290459371,6
100,0,0.29809853001552256,3349.549170779758,0.20538899980238057,0.002433590000237018,6.906789000140634,0.014540740012307651,68096.51182156088,0.18160827999054163,0.22126266999748623,4509.958710415779,7
100,1,0.275550410001415,3624.0346704061153,0.19752399998651526,0.002437960001770989,7.716504999962126,0.01419343999486955,69750.23138937009,0.16120180999905642,0.21817751999606116,4573.499452014077,7
100,2,0.3049668499988911,3274.804928056927,0.2655619998677139,0.003195039998900029,9.025198000017554,0.015515609993599357,63827.73660507968,0.16165446999139022,0.2306743300096059,4325.816333464999,7
100,3,0.2866614000231493,3483.706478359362,0.2805359999911161,0.003339740001138125,9.347099000024173,0.021868559988433844,45309.84229557033,0.22772649999296846,0.3219172599938247,3100.0582872955642,7
100,4,0.40614019999566153,2458.848405722782,0.40160999992622237,0.0031867300003796117,10.214999000027092,0.01847905000204264,53588.87366672563,0.21062433998395136,0.31831403000978753,3133.968732957633,7
250,0,0.3645820720157644,2739.1220397314473,0.6819420000283571,0.0038991119999991497,20.489067999960753,0.01795888401193224,55139.035283082754,0.16504217999863613,0.22893167200800235,4359.0237746626035,8
250,1,0.27587958800722845,3619.9784816884558,0.4925509999793576,0.0038792599998487276,17.702984000152355,0.021526207998249447,46134.50089257074,0.23801920399364462,0.30825439599630045,3236.9975247639736,8
250,2,0.38872929599983763,2569.1173494182976,0.7797480000135693,0.006465123999987554,23.57431199993698,0.026497252002627647,37183.72269210169,0.16988528798810876,0.24278261600647966,4109.809777298147,8
250,3,0.2692469199992047,3709.016719049587,0.6326679999801854,0.004884247999143554,18.301498999790056,0.015702840002632,63179.671106837675,0.18955667599584558,0.22332649999862042,4468.2744471492615,8
250,4,0.2743317479989855,3640.202766283505,0.49467799999547424,0.004246172000421211,18.48540299988599,0.016095255998152425,61641.518568985644,0.22083399200073472,0.25108634399293805,3974.2480174327766,8
500,0,0.4003208859976439,2494.3301381620313,1.6892989999632846,0.008699030000116181,53.94581499990636,0.02525341799673697,39335.89058538935,0.2181273400046848,0.31559806199311424,3161.9773288617703,9
500,1,0.3686613240074621,2708.7321061029857,1.2820529998407437,0.009645352000006824,50.472577000164165,0.02495230600288778,39817.23887384038,0.22120908800070538,0.3152384000022721,3165.5011027841633,9
500,2,0.37216161800188274,2683.4327977220914,1.4839279999705468,0.009062648000053741,50.90824800004157,0.024660933999257395,40224.65307902127,0.2578097720070218,0.32409526599394667,3079.1485149315968,9
500,3,0.37728992399661365,2646.959271391774,0.9381260001646297,0.008423279999988154,51.805934000185516,0.025028409997048584,39685.50349683214,0.2226806620010393,0.33483130400145455,2980.5348008177466,9
500,4,0.3578623880066516,2790.3323044118774,1.6529319998426217,0.009253513999738061,51.85273400002188,0.026783211993006262,37097.450923078395,0.21712321399672874,1.057917802002521,943.3291681700885,9
